,title,area,pay,time,recently,link,lable
0,"2월28일/남양주 물류창고/출,퇴근 셔틀운행/실지급11만2","

스크랩
서울 노원구
",일급,"
					15:30~00:30
					",5분전,http://www.albamon.com//recruit/view/gi?AL_GI_No=68441239&mj_stat=0&optgf=,True
1,2월28일 냉장 풀타임/실지급11만2천원/당일지급/하루가능,"

스크랩
서울 송파구
",일급,"
					15:30~00:30
					",5분전,http://www.albamon.com//recruit/view/gi?AL_GI_No=68441233&mj_stat=0&optgf=,True
2,[바로출근/익일지급가능/저녁출근]쿠팡 강서1캠프 장/단,"

스크랩
서울 강서구
",일급,"
					18:30~22:00
					",6분전,http://www.albamon.com//recruit/view/gi?AL_GI_No=68428263&mj_stat=0&optgf=,True
3,"소분, 포장 아르바이트","

스크랩
서울 영등포
",시급,"
					시간협의
					",8분전,http://www.albamon.com//recruit/view/gi?AL_GI_No=68451778&mj_stat=0&optgf=,True
4,"블로그포스팅 재택알바 (단기알바,부업,투잡가능,사무알","

스크랩
서울 강서구
",건별,"
					시간협의
					",8분전,http://www.albamon.com//recruit/view/gi?AL_GI_No=68221432&mj_stat=0&optgf=,True
5,"쿠팡 동탄/하루가능/친구와 함께 가능/초보가능/주간,야","

스크랩
서울 송파구
",일급,"
					18:00~04:00
					",8분전,http://www.albamon.com//recruit/view/gi?AL_GI_No=68442303&mj_stat=0&optgf=,True
6,"쿠팡 동탄/하루가능/친구와 함께 가능/초보가능/주간,야","

스크랩
서울 관악구
",일급,"
					18:00~04:00
					",10분전,http://www.albamon.com//recruit/view/gi?AL_GI_No=68442287&mj_stat=0&optgf=,True
7,[내일급구] 서울 장지쿠팡_서울/단기/동반 /주간/꿀알바,"

스크랩
서울 관악구
",일급,"
					09:00~18:00
					",10분전,http://www.albamon.com//recruit/view/gi?AL_GI_No=68448619&mj_stat=0&optgf=,True
8,[내일급구] 서울 장지쿠팡_서울/단기/동반 /주간/꿀알바,"

스크랩
서울 강동구
",일급,"
					09:00~18:00
					",10분전,http://www.albamon.com//recruit/view/gi?AL_GI_No=68448618&mj_stat=0&optgf=,True
9,[내일급구 ] 서울 장지쿠팡 HUB/직영C팀/주간/단기/상차,"

스크랩
서울 중랑구
",일급,"
					09:00~18:00
					",10분전,http://www.albamon.com//recruit/view/gi?AL_GI_No=68448617&mj_stat=0&optgf=,True
10,[내일급구 ] 서울 장지쿠팡 HUB/직영C팀/주간/단기/상차,"

스크랩
서울 강동구
",일급,"
					09:00~18:00
					",10분전,http://www.albamon.com//recruit/view/gi?AL_GI_No=68448616&mj_stat=0&optgf=,True
11,[내일급구 ] 서울 장지쿠팡 HUB/직영C팀/주간/단기/상차,"

스크랩
서울 송파구
",일급,"
					09:00~18:00
					",10분전,http://www.albamon.com//recruit/view/gi?AL_GI_No=68448614&mj_stat=0&optgf=,True
12,[내일급구 ] 서울 장지쿠팡 HUB/직영C팀/주간/단기/상차,"

스크랩
서울 동작구
",일급,"
					09:00~18:00
					",10분전,http://www.albamon.com//recruit/view/gi?AL_GI_No=68448613&mj_stat=0&optgf=,True
13,[내일급구] 서울 장지쿠팡_서울/단기/동반 /주간/꿀알바,"

스크랩
서울 송파구
",일급,"
					09:00~18:00
					",10분전,http://www.albamon.com//recruit/view/gi?AL_GI_No=68448612&mj_stat=0&optgf=,True
14,쿠팡/광주/주간조/직영C팀/단기/꿀알바/동반가능/물류/하,"

스크랩
서울 강동구
",일급,"
					09:00~18:00
					",12분전,http://www.albamon.com//recruit/view/gi?AL_GI_No=68448574&mj_stat=0&optgf=,True
15,쿠팡/광주/주간조/직영C팀/단기/꿀알바/동반가능/물류/하,"

스크랩
서울 도봉구
",일급,"
					09:00~18:00
					",12분전,http://www.albamon.com//recruit/view/gi?AL_GI_No=68448573&mj_stat=0&optgf=,True
16,쿠팡/광주/주간조/직영C팀/단기/꿀알바/동반가능/물류/하,"

스크랩
서울 노원구
",일급,"
					09:00~18:00
					",12분전,http://www.albamon.com//recruit/view/gi?AL_GI_No=68448572&mj_stat=0&optgf=,True
17,쿠팡/광주/주간조/직영C팀/단기/꿀알바/동반가능/물류/하,"

스크랩
서울 동작구
",일급,"
					09:00~18:00
					",12분전,http://www.albamon.com//recruit/view/gi?AL_GI_No=68448571&mj_stat=0&optgf=,True
18,[쿠팡]광주 HUB/주간조/직영C팀/단기/상차 분류,"

스크랩
서울 노원구
",일급,"
					09:00~18:00
					",12분전,http://www.albamon.com//recruit/view/gi?AL_GI_No=68448568&mj_stat=0&optgf=,True
19,#덕평쿠팡#야간/일당/주휴수당/피킹/포장/단기/주말알바,"

스크랩
서울 구로구
",일급,"
					시간협의
					",12분전,http://www.albamon.com//recruit/view/gi?AL_GI_No=68415898&mj_stat=0&optgf=,True
20,[쿠팡]광주 HUB/주간조/직영C팀/단기/상차 분류,"

스크랩
서울 관악구
",일급,"
					09:00~18:00
					",12분전,http://www.albamon.com//recruit/view/gi?AL_GI_No=68448567&mj_stat=0&optgf=,True
21,[쿠팡]광주 HUB/주간조/직영C팀/단기/상차 분류,"

스크랩
서울 동작구
",일급,"
					09:00~18:00
					",12분전,http://www.albamon.com//recruit/view/gi?AL_GI_No=68448566&mj_stat=0&optgf=,True
22,[쿠팡]광주 HUB/주간조/직영C팀/단기/상차 분류,"

스크랩
서울 강동구
",일급,"
					09:00~18:00
					",12분전,http://www.albamon.com//recruit/view/gi?AL_GI_No=68448565&mj_stat=0&optgf=,True
23,#덕평쿠팡#야간/일당/주휴수당/피킹/포장/단기/주말알바,"

스크랩
서울 금천구
",일급,"
					시간협의
					",13분전,http://www.albamon.com//recruit/view/gi?AL_GI_No=68415899&mj_stat=0&optgf=,True
24,#덕평쿠팡#야간/일당/주휴수당/피킹/포장/단기/주말알바,"

스크랩
서울 동작구
",일급,"
					시간협의
					",13분전,http://www.albamon.com//recruit/view/gi?AL_GI_No=68415900&mj_stat=0&optgf=,True
25,무스) 100%출근가능합니다/친구동반가능/주휴지급/초보가,"

스크랩
서울 동작구
",일급,"
					18:00~09:00
					",14분전,http://www.albamon.com//recruit/view/gi?AL_GI_No=68445766&mj_stat=0&optgf=,True
26,[주간급구]초보가능/단기알바/일일알바/동반/동탄쿠팡E팀,"

스크랩
서울 노원구
",일급,"
					08:00~17:00
					",15분전,http://www.albamon.com//recruit/view/gi?AL_GI_No=68429664&mj_stat=0&optgf=,True
27,"마켓컬리/물류알바/실근무8시간/일쉬움/112,000원/바로가","

스크랩
서울 강동구
",일급,"
					시간협의
					",15분전,http://www.albamon.com//recruit/view/gi?AL_GI_No=68442224&mj_stat=0&optgf=,True
28,"마켓컬리/물류알바/실근무8시간/일쉬움/112,000원/바로가","

스크랩
서울 도봉구
",일급,"
					시간협의
					",15분전,http://www.albamon.com//recruit/view/gi?AL_GI_No=68442223&mj_stat=0&optgf=,True
29,2월29일부터 여의도역 양재역 집기이동 알바모집합니다,"

스크랩
서울 영등포
",일급,"
					08:30~18:00
					",22분전,http://www.albamon.com//recruit/view/gi?AL_GI_No=68451960&mj_stat=0&optgf=,True
30,[NC픽스강서/단기알바] 3월2일 3일 양일간 포장 알바 모,"

스크랩
서울 강서구
",시급,"
					12:00~18:30
					",31분전,http://www.albamon.com//recruit/view/gi?AL_GI_No=68451806&mj_stat=0&optgf=,True
31,급해요 오후7시부터10시알바 2월 28일  가구설치보조및운,"

스크랩
서울 영등포
",일급,"
					19:00~22:00
					",32분전,http://www.albamon.com//recruit/view/gi?AL_GI_No=68451776&mj_stat=0&optgf=,True
32,2월28일 냉장 풀타임/실지급11만2천원/당일지급/하루가능,"

스크랩
서울 송파구
",일급,"
					15:30~00:30
					",35분전,http://www.albamon.com//recruit/view/gi?AL_GI_No=68441632&mj_stat=0&optgf=,True
33,[주간급구]초보가능/단기알바/일일알바/동반/동탄쿠팡E팀,"

스크랩
서울 서초구
",일급,"
					08:00~17:00
					",35분전,http://www.albamon.com//recruit/view/gi?AL_GI_No=68429640&mj_stat=0&optgf=,True
34,"[당일지급]112,000원/마켓컬리/피킹,패킹업무/동반가능/","

스크랩
서울 노원구
",일급,"
					15:30~00:30
					",35분전,http://www.albamon.com//recruit/view/gi?AL_GI_No=68448430&mj_stat=0&optgf=,True
35,"[당일지급]112,000원/마켓컬리/피킹,패킹업무/동반가능/","

스크랩
서울 동작구
",일급,"
					15:30~00:30
					",35분전,http://www.albamon.com//recruit/view/gi?AL_GI_No=68448429&mj_stat=0&optgf=,True
36,"[당일지급]112,000원/마켓컬리/피킹,패킹업무/동반가능/","

스크랩
서울 영등포
",일급,"
					15:30~00:30
					",35분전,http://www.albamon.com//recruit/view/gi?AL_GI_No=68448428&mj_stat=0&optgf=,True
37,"(야간)18시-3시45분/퇴근당일지급/ 98,786원/평일주말가","

스크랩
서울 전체 
",일급,"
					18:00~04:00
					",35분전,http://www.albamon.com//recruit/view/gi?AL_GI_No=68423571&mj_stat=0&optgf=,True
38,"#2001년생도 가능한 쉬운알바/익일지급/72,160원/단순피","

스크랩
서울 전체 
",일급,"
					09:00~18:00
					",39분전,http://www.albamon.com//recruit/view/gi?AL_GI_No=68445325&mj_stat=0&optgf=,True
39,[1개월 단기] [호반파크] 호반건설 사옥 보안사원 모집,"

스크랩
서울 전체 
",월급,"
					시간협의
					",42분전,http://www.albamon.com//recruit/view/gi?AL_GI_No=68451612&mj_stat=0&optgf=,True
40,(단기/당일지급/사무직/선릉역) 이메일 발송 아르바이트,"

스크랩
서울 강남구
",시급,"
					11:00~16:00
					",47분전,http://www.albamon.com//recruit/view/gi?AL_GI_No=68451397&mj_stat=0&optgf=,True
41,[시급8750원] 홈플러스익스프레스 신림점 단기알바 채용,"

스크랩
서울 관악구
",일급,"
					09:00~17:00
					",50분전,http://www.albamon.com//recruit/view/gi?AL_GI_No=68451471&mj_stat=0&optgf=,True
42,저녁파트타임_바로출근_동반출근_저녁_새벽_원하는날근무,"

스크랩
서울 강남구
",시급,"
					시간협의
					",51분전,http://www.albamon.com//recruit/view/gi?AL_GI_No=68447891&mj_stat=0&optgf=,True
43,알파마트(잠실점/가락점) 매장관리 아르바이트 모집,"

스크랩
서울 송파구
",시급,"
					시간협의
					",51분전,http://www.albamon.com//recruit/view/gi?AL_GI_No=68422559&mj_stat=0&optgf=,True
44,"당일지급 [ 최고단가 ] 바로 근무가능, 피킹 , 다스업무","

스크랩
서울 중랑구
",일급,"
					15:30~00:30
					",53분전,http://www.albamon.com//recruit/view/gi?AL_GI_No=68445029&mj_stat=0&optgf=,True
45,"홈쇼핑/택배 야간물류센터 상,하차 인원모집 최대15만원","

스크랩
서울 성동구
",시급,"
					19:00~04:00
					",54분전,http://www.albamon.com//recruit/view/gi?AL_GI_No=68427923&mj_stat=0&optgf=,True
46,"홈쇼핑/택배 야간물류센터 상,하차 인원모집 최대15만원","

스크랩
서울 강동구
",시급,"
					19:00~04:00
					",54분전,http://www.albamon.com//recruit/view/gi?AL_GI_No=68427922&mj_stat=0&optgf=,True
47,"홈쇼핑/택배 야간물류센터 상,하차 인원모집 최대15만원","

스크랩
서울 서초구
",시급,"
					19:00~04:00
					",54분전,http://www.albamon.com//recruit/view/gi?AL_GI_No=68427921&mj_stat=0&optgf=,True
48,"당일지급 [ 최고단가 ] 바로 근무가능, 피킹 , 다스업무","

스크랩
서울 광진구
",일급,"
					15:30~00:30
					",54분전,http://www.albamon.com//recruit/view/gi?AL_GI_No=68445010&mj_stat=0&optgf=,True
49,"당일지급 [ 최고단가 ] 바로 근무가능, 피킹 , 다스업무","

스크랩
서울 송파구
",일급,"
					15:30~00:30
					",55분전,http://www.albamon.com//recruit/view/gi?AL_GI_No=68444995&mj_stat=0&optgf=,True
50,[주간급구]초보가능/단기알바/일일알바/동반/동탄쿠팡E팀,"

스크랩
서울 송파구
",일급,"
					08:00~17:00
					",55분전,http://www.albamon.com//recruit/view/gi?AL_GI_No=68429622&mj_stat=0&optgf=,True
51,아파트 계단. 주차장 청소 알바 급구합니다.,"

스크랩
서울 성북구
",일급,"
					09:00~17:00
					",55분전,http://www.albamon.com//recruit/view/gi?AL_GI_No=68451275&mj_stat=0&optgf=,True
52,"빠른지급 [ 쉬운업무] 내일 바로가능, 피킹 , 다스업무 ","

스크랩
서울 은평구
",일급,"
					10:00~19:00
					",56분전,http://www.albamon.com//recruit/view/gi?AL_GI_No=68444978&mj_stat=0&optgf=,True
53,"빠른지급 [ 쉬운업무] 내일 바로가능, 피킹 , 다스업무 ","

스크랩
서울 송파구
",일급,"
					10:00~19:00
					",57분전,http://www.albamon.com//recruit/view/gi?AL_GI_No=68444950&mj_stat=0&optgf=,True
54,신세계백화점 영등포점 단기 알바 3/1-3/5,"

스크랩
서울 영등포
",시급,"
					10:30~20:00
					",1시간전,http://www.albamon.com//recruit/view/gi?AL_GI_No=68451212&mj_stat=0&optgf=,True
55,"홈쇼핑/택배 야간물류센터 상,하차 인원모집 최대15만원","

스크랩
서울 동대문
",시급,"
					19:00~04:00
					",1시간전,http://www.albamon.com//recruit/view/gi?AL_GI_No=68430708&mj_stat=0&optgf=,True
56,"(17시퇴근) 익일지급# 74,480원#상품분류,이동,단순적재","

스크랩
서울 전체 
",일급,"
					08:00~17:00
					",1시간전,http://www.albamon.com//recruit/view/gi?AL_GI_No=68427878&mj_stat=0&optgf=,True
57,"2월28일/남양주 물류창고/출,퇴근 셔틀운행/실지급11만2","

스크랩
서울 강동구
",일급,"
					15:30~00:30
					",1시간전,http://www.albamon.com//recruit/view/gi?AL_GI_No=68441222&mj_stat=0&optgf=,True
58,2월28일 냉장 풀타임/실지급11만2천원/당일지급/하루가능,"

스크랩
서울 광진구
",일급,"
					15:30~00:30
					",1시간전,http://www.albamon.com//recruit/view/gi?AL_GI_No=68441221&mj_stat=0&optgf=,True
59,[현대백화점 무역센터점] 식품팀 수산코너 아르바이트 주,"

스크랩
서울 관악구
",일급,"
					10:00~20:00
					",1시간전,http://www.albamon.com//recruit/view/gi?AL_GI_No=68451041&mj_stat=0&optgf=,True
60,"[쿠팡물류지원단]서울역 출발#추가 인센티브/주간,야간/","

스크랩
서울 금천구
",일급,"
					시간협의
					",1시간전,http://www.albamon.com//recruit/view/gi?AL_GI_No=68430454&mj_stat=0&optgf=,True
61,"즐겁게 일하기 좋은곳+29일토요일하루+쉬운알바+셔틀,중","

스크랩
서울 서초구
",일급,"
					09:00~18:00
					",1시간전,http://www.albamon.com//recruit/view/gi?AL_GI_No=68430449&mj_stat=0&optgf=,True
62,"[쿠팡물류지원단]서울역 출발#추가 인센티브/주간,야간/","

스크랩
서울 송파구
",일급,"
					시간협의
					",1시간전,http://www.albamon.com//recruit/view/gi?AL_GI_No=68430427&mj_stat=0&optgf=,True
63,"즐겁게 일하기 좋은곳+29일토요일하루+쉬운알바+셔틀,중","

스크랩
서울 성동구
",일급,"
					09:00~18:00
					",1시간전,http://www.albamon.com//recruit/view/gi?AL_GI_No=68430420&mj_stat=0&optgf=,True
64,[오늘급구] 서울 장지쿠팡 HUB  직영C팀/오후/단기/상차,"

스크랩
서울 동대문
",일급,"
					19:00~04:00
					",1시간전,http://www.albamon.com//recruit/view/gi?AL_GI_No=68444404&mj_stat=0&optgf=,True
65,[오늘급구] 서울 장지쿠팡 HUB  직영C팀/오후/단기/상차,"

스크랩
서울 중랑구
",일급,"
					19:00~04:00
					",1시간전,http://www.albamon.com//recruit/view/gi?AL_GI_No=68444403&mj_stat=0&optgf=,True
66,"[쿠팡물류지원단]서울역 출발#추가 인센티브/주간,야간/","

스크랩
서울 강북구
",일급,"
					시간협의
					",1시간전,http://www.albamon.com//recruit/view/gi?AL_GI_No=68430391&mj_stat=0&optgf=,True
67,"[쿠팡물류지원단]서울역 출발#추가 인센티브/주간,야간/","

스크랩
서울 광진구
",일급,"
					시간협의
					",1시간전,http://www.albamon.com//recruit/view/gi?AL_GI_No=68430379&mj_stat=0&optgf=,True
68,[주간급구]초보가능/단기알바/일일알바/동반/동탄쿠팡E팀,"

스크랩
서울 광진구
",일급,"
					08:00~17:00
					",1시간전,http://www.albamon.com//recruit/view/gi?AL_GI_No=68429605&mj_stat=0&optgf=,True
69,스파오에서 열정넘치는 행사직원을 모집합니다,"

스크랩
서울 송파구
",시급,"
					10:00~21:00
					",1시간전,http://www.albamon.com//recruit/view/gi?AL_GI_No=68444301&mj_stat=0&optgf=,True
70,"[당일지급]112,000원/마켓컬리/피킹,패킹업무/동반가능/","

스크랩
서울 금천구
",일급,"
					15:30~00:30
					",1시간전,http://www.albamon.com//recruit/view/gi?AL_GI_No=68448448&mj_stat=0&optgf=,True
71,"[당일지급]112,000원/마켓컬리/피킹,패킹업무/동반가능/","

스크랩
서울 구로구
",일급,"
					15:30~00:30
					",1시간전,http://www.albamon.com//recruit/view/gi?AL_GI_No=68448447&mj_stat=0&optgf=,True
72,"[당일지급]112,000원/마켓컬리/피킹,패킹업무/동반가능/","

스크랩
서울 강동구
",일급,"
					15:30~00:30
					",1시간전,http://www.albamon.com//recruit/view/gi?AL_GI_No=68448446&mj_stat=0&optgf=,True
73,"(17시퇴근) 익일지급# 74,480원#상품분류,이동,단순적재","

스크랩
서울 중랑구
",일급,"
					08:00~17:00
					",1시간전,http://www.albamon.com//recruit/view/gi?AL_GI_No=68434992&mj_stat=0&optgf=,True
74,용인물류센터+2월29일 토요일 근무+단 하루+셔틀/중식 제,"

스크랩
서울 전체 
",일급,"
					09:00~18:00
					",1시간전,http://www.albamon.com//recruit/view/gi?AL_GI_No=68447371&mj_stat=0&optgf=,True
75,"홈쇼핑/택배 야간물류센터 상,하차 인원모집 최대15만원","

스크랩
서울 동작구
",시급,"
					19:00~04:00
					",1시간전,http://www.albamon.com//recruit/view/gi?AL_GI_No=68430259&mj_stat=0&optgf=,True
76,"[쿠팡물류지원단]서울역 출발#추가 인센티브/주간,야간/","

스크랩
서울 서초구
",일급,"
					시간협의
					",1시간전,http://www.albamon.com//recruit/view/gi?AL_GI_No=68430247&mj_stat=0&optgf=,True
77,"[쿠팡물류지원단]서울역 출발#추가 인센티브/주간,야간/","

스크랩
서울 성동구
",일급,"
					시간협의
					",1시간전,http://www.albamon.com//recruit/view/gi?AL_GI_No=68430246&mj_stat=0&optgf=,True
78,"[쿠팡물류지원단]서울역 출발#추가 인센티브/주간,야간/","

스크랩
서울 성북구
",일급,"
					시간협의
					",1시간전,http://www.albamon.com//recruit/view/gi?AL_GI_No=68430245&mj_stat=0&optgf=,True
79,"[쿠팡물류지원단]서울역 출발#추가 인센티브/주간,야간/","

스크랩
서울 영등포
",일급,"
					시간협의
					",1시간전,http://www.albamon.com//recruit/view/gi?AL_GI_No=68430244&mj_stat=0&optgf=,True
80,"[쿠팡물류지원단]서울역 출발#추가 인센티브/주간,야간/","

스크랩
서울 용산구
",일급,"
					시간협의
					",1시간전,http://www.albamon.com//recruit/view/gi?AL_GI_No=68430243&mj_stat=0&optgf=,True
81,"[쿠팡물류지원단]서울역 출발#추가 인센티브/주간,야간/","

스크랩
서울 노원구
",일급,"
					시간협의
					",1시간전,http://www.albamon.com//recruit/view/gi?AL_GI_No=68430242&mj_stat=0&optgf=,True
82,"[쿠팡물류지원단]서울역 출발#추가 인센티브/주간,야간/","

스크랩
서울 종로구
",일급,"
					시간협의
					",1시간전,http://www.albamon.com//recruit/view/gi?AL_GI_No=68430241&mj_stat=0&optgf=,True
83,"[쿠팡물류지원단]서울역 출발#추가 인센티브/주간,야간/","

스크랩
서울 중구 
",일급,"
					시간협의
					",1시간전,http://www.albamon.com//recruit/view/gi?AL_GI_No=68430239&mj_stat=0&optgf=,True
84,"[쿠팡물류지원단]서울역 출발#추가 인센티브/주간,야간/","

스크랩
서울 중랑구
",일급,"
					시간협의
					",1시간전,http://www.albamon.com//recruit/view/gi?AL_GI_No=68430238&mj_stat=0&optgf=,True
85,"[쿠팡물류지원단]서울역 출발#추가 인센티브/주간,야간/","

스크랩
서울 동대문
",일급,"
					시간협의
					",1시간전,http://www.albamon.com//recruit/view/gi?AL_GI_No=68430237&mj_stat=0&optgf=,True
86,"[쿠팡물류지원단]서울역 출발#추가 인센티브/주간,야간/","

스크랩
서울 은평구
",일급,"
					시간협의
					",1시간전,http://www.albamon.com//recruit/view/gi?AL_GI_No=68430236&mj_stat=0&optgf=,True
87,"[쿠팡물류지원단]서울역 출발#추가 인센티브/주간,야간/","

스크랩
서울 강서구
",일급,"
					시간협의
					",1시간전,http://www.albamon.com//recruit/view/gi?AL_GI_No=68430235&mj_stat=0&optgf=,True
88,"[쿠팡물류지원단]서울역 출발#추가 인센티브/주간,야간/","

스크랩
서울 양천구
",일급,"
					시간협의
					",1시간전,http://www.albamon.com//recruit/view/gi?AL_GI_No=68430234&mj_stat=0&optgf=,True
89,"[쿠팡물류지원단]서울역 출발#추가 인센티브/주간,야간/","

스크랩
서울 서대문
",일급,"
					시간협의
					",1시간전,http://www.albamon.com//recruit/view/gi?AL_GI_No=68430233&mj_stat=0&optgf=,True
90,"[쿠팡물류지원단]서울역 출발#추가 인센티브/주간,야간/","

스크랩
서울 마포구
",일급,"
					시간협의
					",1시간전,http://www.albamon.com//recruit/view/gi?AL_GI_No=68430232&mj_stat=0&optgf=,True
91,"[쿠팡물류지원단]서울역 출발#추가 인센티브/주간,야간/","

스크랩
서울 영등포
",일급,"
					시간협의
					",1시간전,http://www.albamon.com//recruit/view/gi?AL_GI_No=68430231&mj_stat=0&optgf=,True
92,"[쿠팡물류지원단]서울역 출발#추가 인센티브/주간,야간/","

스크랩
서울 동작구
",일급,"
					시간협의
					",1시간전,http://www.albamon.com//recruit/view/gi?AL_GI_No=68430230&mj_stat=0&optgf=,True
93,"[쿠팡물류지원단]서울역 출발#추가 인센티브/주간,야간/","

스크랩
서울 종로구
",일급,"
					시간협의
					",1시간전,http://www.albamon.com//recruit/view/gi?AL_GI_No=68430229&mj_stat=0&optgf=,True
94,"[쿠팡물류지원단]서울역 출발#추가 인센티브/주간,야간/","

스크랩
서울 중구 
",일급,"
					시간협의
					",1시간전,http://www.albamon.com//recruit/view/gi?AL_GI_No=68430228&mj_stat=0&optgf=,True
95,농협중앙회 통합 it센터  출입자 열체크요원 모집,"

스크랩
서울 전체 
",시급,"
					08:00~11:00
					",1시간전,http://www.albamon.com//recruit/view/gi?AL_GI_No=68450673&mj_stat=0&optgf=,True
96,"빠른지급 [ 쉬운업무] 내일 바로가능, 피킹 , 다스업무 ","

스크랩
서울 성동구
",일급,"
					10:00~19:00
					",1시간전,http://www.albamon.com//recruit/view/gi?AL_GI_No=68430146&mj_stat=0&optgf=,True
97,[단기/꿀알바] 게임사 IGS 게임테스트 QA사원 채용,"

스크랩
서울 영등포
",시급,"
					10:00~19:00
					",1시간전,http://www.albamon.com//recruit/view/gi?AL_GI_No=68433196&mj_stat=0&optgf=,True
98,"빠른지급 [ 쉬운업무] 내일 바로가능, 피킹 , 다스업무 ","

스크랩
서울 노원구
",일급,"
					10:00~19:00
					",1시간전,http://www.albamon.com//recruit/view/gi?AL_GI_No=68430077&mj_stat=0&optgf=,True
99,배달대행/ 바로고/ 강남직영 역삼지사/ 콜 수최고 / 다양,"

스크랩
서울 강남구
",건별,"
					시간협의
					",1시간전,http://www.albamon.com//recruit/view/gi?AL_GI_No=68170242&mj_stat=0&optgf=,True
